,sentiment,confidence,dominant_emotion
"В областните градове има можещи изпълнители и добри състави, винаги когато обикаляме из страната посещаваме било театър било други културни мероприятия.",Позитивен,0.86,удовлетворение
Жалко..няма да могат да откраднат от това събитие..,Негативен,0.82,ирония
Каква опера ще се получи на площад с нулева акустика е друг въпрос?,Негативен,0.76,скептицизъм
"Тази сутрин и доста съботи и недели ""Денят започва"" с Георги Любенов, а участниците съвсем в началото на интервютата не поглеждат имената си за по няколко секунди, а на Г.Л. в ""Денят започва"" надписът му стои по 3-те часа!",Негативен,0.72,раздразнение
"Пари за заплатите на шапкарите от НАТО има, за опера няма!",Негативен,0.92,недоволство
"Какви опери на площада, какви пет евро. То да видим утре дали ще преведат пенсиите.",Негативен,0.86,тревога
"""Пускай Мангарангааааааааааа!""",Позитивен,0.82,ентусиазъм
Браво на Чарлз Три!,Позитивен,0.95,възхищение
тоя да си яхва камилата и да го няма на света,Негативен,0.96,гняв
до 1 в момента сме си баш такива,Неутрален,0.78,спокойствие
Видео?!,Неутрален,0.78,изненада
"Всичко в БДЖ е ретро, най вече кадрите...",Негативен,0.87,разочарование
"Tова е тактично напомняне на ерлектората, че нови влакове няма и няма да имаааа.....",Негативен,0.88,разочарование
Същия като повечето влакове,Неутрален,0.86,безразличие
И толкова ли е трудно да се качи снимка на мотрисата вместо на някакви вагони?,Негативен,0.86,раздразнение
"Пари няма, но апарата продължава да лудува на гърба на бачкера.",Негативен,0.92,гняв
Банкя е истински оазис! Прекрасно място с невероятна природа! Супер инициатива!,Позитивен,0.98,възхищение
пускат сто годишен влак до Банкя за да може Боко Чекмеджето да си спомни младостта.,Негативен,0.88,презрение
"Това е показен жест за ""уважение"" към банкянския *** ли ? Боко сам ли си е поръчал мотрисата ? За какво му е ? Та той вече мирише на умряла риба ! И ...някой да го е чувал и виждал , след като Чорапът му се изхрачи върху глупавата тиква ?",Негативен,0.96,гняв
"Всички линии на БДЖ са ретро, на ниво 80-те години на миналия век.",Негативен,0.92,разочарование
Тракийците да се сърдят на македонците във властта в София тогава.,Негативен,0.82,гняв
"Не е ли по-добре да се анатемосат Фердинанд и българските политици, които са предизвикали това, нападайки тъппо и глупаво Сърбия, като знаят, че Турция, Гърция, Сърбия точно това очакват, а Румъния е декларирала, че ще се намеси, ако има война между Съюзниците?",Негативен,0.94,възмущение
какво ли е декламирала йотова кви ли велики мисли е споделила,Негативен,0.82,сарказъм
Как пък да не. То светец не се става само защото си избит. Плюс това са и езичници. Някой хора съвсем ги хапе коня,Негативен,0.92,презрение
"Разказите са на баба ми, която тогава е била на 8 години,дядо ми на 14. Живеели са в Еникьой, Узункюприйско. Едва са се измъкнали живи.Единият ми прадядо е оставил 400 дка земя,12 чифта волове, към 20 крави и овцете не помнеше колко точно.Златото са заровили в земята с надеждата да се върнат.С последни сили са влезли в нашата територия. Много от селото,които са се забавили с няколко часа са били убити.Това е историята.Имаме и карта на къщите,в Й/Еникьой/.по спомени на оцелелите и опис на имоти и",Негативен,0.95,тъга
"Изказването е на депутата г-н Тошко Йорданов, че след като изготят бюджета църквата може да започне да канонизира за светци хората в неравностойно положение понеже издръжката от държавата е минус.",Негативен,0.86,разочарование
"До: Х 1. Избити от редовната турска войска по време на междусъюзническата война 1913 година. Не търси под вола теле, а чети исторически документи.",Негативен,0.86,гняв
"На база изказване от трибуната на народното събрание, че йойто успее трябва да го направят светец за бюджета имам в предвид който не успяха да изготвят 2025г за 2026г.",Негативен,0.78,разочарование
Да не са направили бюджета на държавата и да им е стигнал на депутатите и църквата.,Негативен,0.78,недоволство
До: Гост 666-пий си хапчетата бе o лигyфрeн,Негативен,0.98,гняв
Поредната интрига на ***!,Негативен,0.88,раздразнение
"Ний станахме като сърбежите! По канон канонизира се човек, който си е отдал живота за Православието, бил е морален живеел е за Св. Тайнства, или пък се мъчил за Православието, гонен притесняван или е убит за вярата. Всичко друго е политизирано.",Негативен,0.86,възмущение
Това масово клане е извършено от Гърция и гърците!,Негативен,0.98,гняв
"А нещо за геноцида в Газа не каза ли.Цял свят бойкотира евреите,ние ги каним тук да ни пеят.Срам!",Негативен,0.96,гняв
"Това не беше ли мъж, преврънъл се на джендер-мендер-жена?",Негативен,0.86,презрение
"Ритарди Би готвеше в кухнята, изпи 3 литра кефир, разпърдя се и я помолиха да напусне.",Негативен,0.78,отвращение
"до щракачите злобари : я споделете вие къде сте били в чужбина , какво сте постигнали в животеца ви жалък , погледнете тая до вас . банковите си сметки ако въобще имате такива не ги поглеждайте .",Негативен,0.98,гняв
"И аз съм...посещавал индиския ресторант в Лондон. Помня че...хапнах Пиле тандури и за десерт Масала доса с пълнеж от сладък фастъчен крем. Нищо особено,обикновени манджи.",Негативен,0.76,разочарование
И това трябва да е новина ли? След като има хиляди други по-важни. Дришo плаща ли ви?,Негативен,0.92,раздразнение
"""Григор и Ейса от лазурния бряг в Лондон "".От кога Лондон се е преместил на лазурния бряг.",Негативен,0.72,ирония
Тия пак се правят на интересни!Да ходят където си искат. Това няма нищо общо с проблемите на нормалните хора.,Негативен,0.93,раздразнение
"А нас , българите , какво ни топли това , че Глигорка се кефи в обкръжението на някакви индийци ли са , пакистанци ли са, мароканци ли са ? И ....какъв българин е Глигорчо ? Та той един сет не е играл на българска територия ! А и вече си е твърд пенсионер за големия тенис.",Негативен,0.93,раздразнение
Туй е голямо събитие. Как бате Гришо похапва в индийски ресторан.,Неутрален,0.72,ирония
брех таз йотова утепала се от пътуване,Негативен,0.82,ирония
Да се видят каква е оценката на хората за тях,Неутрален,0.92,неутралност
Само за тенискта 19 Йотова що материал е отошъл,Негативен,0.72,недоволство
Моята прocтотuя е естествена и наследствена,Негативен,0.82,самоирония
"Християнството е наложено НАСИЛСТВЕНО на българите, след унизителна военна загуба на хан Борис от Василевса. Това е норма в християнството. Отто също насилствено християнизира Германия, например.",Негативен,0.87,възмущение
"И ти нямаш биологичен баща,и кво от това бе тролей жалък???",Негативен,0.98,презрение
"""О лигофрени"" са хората с нарушен разум, приемащи за възможно, жена да зачене и роди Исус, без да има биологичен баща!",Негативен,0.95,презрение
"*** са хората с нарушен разум, приемащи за възможно, жена да зачене и роди Исус, без да има биологичен баща!",Негативен,0.96,презрение
Ама ти наистина си о лuroфрeн...,Негативен,0.95,презрение
"Единствено човек с нарушен разум, може да приеме за възможно, жена да зачене и роди Исус, без да има биологичен баща!",Негативен,0.92,презрение
Tadata - live upbeat music .... tatada .... https://youtu.be/b-I2s5zRbHg?list=RDMMMy2FRPA3Gf8,Позитивен,0.78,радост
До: Гост 666-БОГ да те прости,Негативен,0.78,скръб
До: Гост 666-И двете,Неутрален,0.95,неутралност
А според вас аз шизoфриник ли съм или олuryфрeн,Негативен,0.86,несигурност
"До: Гост 666-Ха-лка, кофти лепило си взело този път",Негативен,0.82,разочарование
"Тиквите не са узрели още, какво ще чегъртат хората.",Негативен,0.62,ирония
"до Гост 666: не съм ти използвал името, но искам да ти кажа, че: 1. голям грях е да се покланяш на дявола и да кълнеш; 2. смъpmma не е край, а ВРАТА КЪМ ВЕЧНОСТТА където всеки ще получи според това, което е заслужил тук на Земята. Абсолютно безпредметно е да кълнеш за смъpm защото самото преминаване през ""вратата"" по никакъв начин не променя участта на душата - ако е вършила добри дела отива в рая, ако не - на другото място, но присъдата не зависи от датата на преминаване, разбираш ли???",Негативен,0.86,осъждане
А и казвахме на куpBатa да не те събира от земята с вилицата...,Негативен,0.92,гняв
От утре понеделник 8 юни до 29 юни са Петровите или апостолски пости. ЧЕСТИТ ПРАЗНИК ДНЕС И ЛЕК И СПАСИТЕЛЕН ПОСТ на всички от утре!,Позитивен,0.9,радост
"Свети Йоан Рилски живее дълги години в отшелничество. По-късно при него идват и други братя. Св. Иван основава манастир с ЦЪРКВА, ЛИТУРГИЯ и ПРИЧАСТИЕ. Престани да хулиш светията и Светата православна църква, Веселине, за да не те накаже Господ за безумието ти.",Негативен,0.82,възмущение
"До: Луцифер-госте, наистина не си нормално",Негативен,0.95,гняв
"Черен,кpuвоглав чaлгonuтек още ли водиш жалkoто си съществуване?",Негативен,0.98,презрение
"Неделята на всички Божии светии е посветена на онези, които са просияли като светии с делата си, но все още не са канонизирани или не са ни известни. Също така е напомняне, че светиите са хора и също като нас са били изкушавани с гордост, слава, богатство, плътски и всякакви други страсти. Те не са ангели небесни и също като нас са имали своите съмнения и понякога дори и падения. Но с молитва и помощ от Бога са намерили в себе си сили да се отрекат от злото и да станат ПРИМЕР за нас грешните.",Позитивен,0.82,вдъхновение
"Вярвате в завещание, затова оставихте дете си на пето Лама",Негативен,0.62,укор
Абе спрете да разбивате семейства с тия статии,Негативен,0.94,гняв
"Статиите за успехите на Украйна, *** и ""разпадането на Русия"".",Неутрален,0.62,неутралност
"Ако ви се прави с*кс, по-добре е да правите такъв. Опитите да си оправите връзките е на втора линия, защото първото е по-големият фактор.",Неутрален,0.82,неутралност
И още една заблуда: ТЯ може да си прави каквото си иска и да го командва и ще бъдат щастливи.,Негативен,0.86,скептицизъм
".. от нея и дори имаше внуче. Той настоял тя да роди детето, обещал да го припознае, да се разведе и да се ожени за нея. Два месеца след раждането тя отново забременя от него и стана скандал - родителите й настояваха за аборт, но любовникът не разреши. Няколко години след второто раждане все още не беше припознал децата, нито се беше развел. После им загубих дирите, не знам какво е станало.Изводът ми е, че не бива да се слагат жестоки юзди на млад човек, хормонът рано или късно ще си каже думата",Негативен,0.82,разочарование
"Бегло познавах семейство, което се грижеше за дъщеря си като за писано яйце, но и много я ограничаваха - заставиха я да следва задочно /още през соца/, за да не ходи на студентски бригади, на които според тях ставали неморални неща. Заставяха я да ходи на почивка само с тях. Разрешаваха й да дружи само с едно съседско момиче. И в крайна сметка, когато беше на 23 г. и за първи път отиде в командировка далеч от родителския контрол, тя забременя от шефа си, който беше женен, 30 г. по-възрастен от",Негативен,0.88,разочарование
"Че ако лижете жена си редовно, в крайна сметка лекото ухание на веяна скумрия от чатала и ще изчезне!",Негативен,0.86,отвращение
Че точно вашата жена не е миндилИспермояд!,Негативен,0.92,презрение
"До: анонимен 8Римските войници са носели сандали, също и древногръцките, спартанските и тракийските.",Неутрален,0.95,спокойствие
най жалката картинка е мъж да сложи сандали не знам от къде тая мода ама автоматично изглежда гей,Негативен,0.97,презрение
Краката ми миришат на оцет.,Негативен,0.82,отвращение
"Няма ли дама с по фини ръце, кебапчета ли рекламира.",Негативен,0.88,пренебрежение
"На 3 юни 2026 когато започна Международният Икономически Форум в Санкт Петербург, само на 17 км от Форума украински дронове посетиха петролния терминал. От сателитните снимки стана ясно, че петролният терминал вече се нуждае от икономическа сделка за модернизация. Там има 21 резервоар цистерни за петролни продукти и горива. През терминала годишно могат да преминават 12,5 млн. тона продукти АКО КРЕМЪЛ ЗАОБИЧА МИРА.",Негативен,0.82,ирония
"КРЕМЪЛСКИ ВИСОТИ : Украинските дронове поздравиха Санкт Петербург на 3 юни 2026 когато започна Международният Икономически Форум. Петролният терминал на 17 км от Форума беше посетен. Сателитните снимки изясниха : Петролният терминал вече се нуждае от икономическа сделка за модернизация. Там има 21 резервоар цистерни за петролни продукти и горива. През терминала годишно могат да преминават 12,5 млн. тона продукти.",Негативен,0.78,ирония
Любимият ми цвят,Позитивен,0.62,харесване
За голяма нужда?,Неутрален,0.78,любопитство
Ти ако знаеш жена ти с още колко е правила тройки,Негативен,0.92,злорадство
"Май сте се объркали нещо. Тази статия е за Жената днес, а тук е сямо днес и не е за жени. Камоли за смотaнuте от статията",Негативен,0.93,раздразнение
Кекс.,Неутрален,0.98,спокойствие
Да й бръсне гърбъ .,Негативен,0.65,презрение
Скъпи... Хайде да ми го вкapaш в дyyпиитo.,Позитивен,0.74,желание
"***, на вас ви е нужен кокошарник и петел. Исляма доста добре е рзрешил нуждите ви в харема. От друга страна всичко което си мислите че някой ви е длъжен е забранено от закона.",Негативен,0.92,гняв
Да й души дивия .,Негативен,0.72,гняв
Повече от 20 минути никой не е реагирал на този материал. На какво ли се дължи това?,Неутрален,0.72,любопитство
"1.Една жена никога не трябва да моли мъжа си,да в плющи отзад.Той трябва сам да се сеща.2.Една жена никога не трябва да моли мъжа си,да и се разтовари в устата при бибитка.Той трябва сам да се сеща.",Неутрален,0.72,очакване
Никой не го интересува освен някои гнясажийскиИЗМЕКЯРИ,Негативен,0.9,гняв
"Какъв принц е този, нали го лишиха от титли и отговорности към кралството?",Негативен,0.82,скептицизъм
кой са тези? Хари потър ли?,Неутрален,0.82,любопитство
Ритарди Би скъса пернишкия винкел от езда и гъдел.,Неутрален,0.55,забавление
рИвЪ !,Негативен,0.62,тъга
"Къс му бил кабело, не може да и достигне камилската ...",Негативен,0.78,подигравка
Отиде ни вечерята с жената ревем и двамата,Негативен,0.93,тъга
Тази кубинка е способна да накара Тръмп да обяви Куба за най-приятелската страна на САЩ.,Позитивен,0.72,възхищение
"Я камилата, я камиларят, там е джендър бендър. Не ни занимавайте с глупости.",Негативен,0.92,раздразнение
"Малее,трепач,аууу",Позитивен,0.92,възхищение
Защо трябваше да публикувате тази новина преди да си легна. Няма да мога да спя!,Негативен,0.78,безпокойство
"Кат я гледам,нема да остане на сухо... Милиардерът също..",Неутрален,0.62,ирония
На окабелената камила и милиардер не й е достатъчен,Негативен,0.78,презрение
"Преживяла... горката... Те хората по 5 пъти пробват неуспешно, тя видиш ли преживяла! Сигурно е била на косъм! Която и да е тая изобщо.",Негативен,0.92,презрение
"До: пенсионер-ветеран:Важното в случая е,че родила още едно еврейче на господин Голдсмит. Важно е,да се раждат от онези Богоизбраните носещи малки шапчици.",Негативен,0.92,презрение
"42-годишно си е Тотална МеноПауза - кво ИнВитро кви 5евроцента - тя Кората с Яйца отдавна е свършила! Осъзнайте се, Феминистки - никой НЕ е по-силен от Природата!!",Негативен,0.96,презрение
"Много стресиран звучиш. Ела чичовото, ще ти помогна със стреса, ще ти дам да ближеш един сладолед без захар, накрая и парички ще ти дам ;)",Негативен,0.82,подигравка
"Е то за какво е сладоледа, ако няма захар, лед от хладилника същата работа, само че е без пари.",Негативен,0.86,разочарование
Да премине към действия най-сетне.,Негативен,0.62,нетърпение
"Ох, сега и за таз кака ли да се притесняваме? С имотно състояние между 50 и 100 милиона долара, решила си е с каква ориентация иска да е. Да си харчи парите по други каки, не ни занимавайте нас!",Негативен,0.88,раздразнение
"Кара, продължавай да позволяваш на хората да се възползват от теб сексуално, зарежи всичко останали алабалистики.",Негативен,0.96,презрение
Издигнала се е като дава котката а после уж имала огризения ама след като направила парата.,Негативен,0.86,презрение
"До: Питам кога Питайте прогресистите, нали УЖ щяха да се борят с Tиkвата и Прасетоо?",Негативен,0.86,разочарование
"КОГА НАЙ ПОСЛЕ ГДБОП ЩЕ СЕ САМОСЕЗИРА И ЩЕ АРЕСТУВА СТОЛИЧНИЯ НАРКОМАН И ИЗВЕСТЕН НАРКОДИЛЪР 61-на ГОДИШНИЯ АЛЕН ГЕОРГИЕВ ЛЕЖАЛ ЗА ПЕДОФИЛИЯ,КОЙТО ДЕНОНОЩНО ПРОДАВА НАРКОТИЦИ 24/7 НА УЛ.ВЕСЛЕЦ 21; В МАЗЕТО НА ВЪПРОСНАТА ЖИЛИЩНА КООПЕРАЦИЯ ,БУКВАЛНО НА РАЗСТОЯНИЕ 300 МЕТРА ОТ МИНИСТЕРСКИ СЪВЕТ В СОФИЯ ?ПИТАМ, ДОКОГА ЩЕ Е ТОЗИ ПОЛИЦЕЙСКИ ЧАДЪР ?",Негативен,0.98,гняв
Брадатият мирише на мечка .,Негативен,0.88,отвращение
Сутрин се завръща сънено.,Неутрален,0.86,спокойствие
"Моми, юруш към Великобритания! Може там да са останали още някои неженени принцове. Ако пък са се изчерпали, лордове, графове и барони ергени сигурно има!",Позитивен,0.72,веселие
"Ама ти си крайно неинформирано момче! Сефтето в любовта за принц Хари е била именно мома, която е работила в конюшната на едно от именията на баща му. Значи от обора. Чети повече за да научиш тази романтична история, поучително е. При братовчед му пък се е наложила мед.сестра. Какво да правиш, късмет!",Негативен,0.88,подигравка
"До: До: Извод Ти бегай, щом знаеш за оборите, значи ще идеш направо там, нЕма да се туткаш.",Негативен,0.68,раздразнение
"Ами бегай на запад и ти. Принца те очаква, нема кой да му мете обора хахаха",Негативен,0.95,подигравка
"Разбрахте ли сега защо девойките, които учат за медицински сестри, презглава хукват за чужбина веднага след като се дипломират? Там е възможно да се омъжат за внуци на кралици, а тук какво ги чака? Изнурителен труд за скромни заплати плюс заядливи и претенциозни свекърви от скромните панелки в ""Люлин"".",Негативен,0.92,разочарование
"Този Питър Филипс, щом е син на принцеса Ан, значи също като Хари е внук на покойната кралица Елизабет Втора.",Неутрален,0.95,неутралност
Аз също не го поканих.,Неутрален,0.85,неутралност
Спрете да предлагате кокосовото масло! Вредно е!,Негативен,0.95,гняв
Що за диетично и запържено,Негативен,0.78,недоволство
"А изгониха ""ДАНОН"".",Негативен,0.62,недоволство
"Няма ли да стане по-добре, ако вместо една се вземат две чаши кисело мляко, което да се поизцеди. Хем обемът на млякото ще намалее, хем ще се получи по-плътен крем.",Позитивен,0.78,спокойствие
"В гората има мечки, докато съберете микса от горски плодове и може да ви излезе киселото мляко през носа.",Негативен,0.68,тревога
А Специалния приготвял за Леля Асена Точикура,Неутрален,0.78,спокойствие
До: HangoverРумънките кой друг,Неутрален,0.72,неутралност
"От кога КАЧАМАКА стана полента???? На италианци ли се правите???? Значи може да напишете как е на румънски качамак,на български не можете",Негативен,0.95,гняв
Кой ли пък ще става в шест сутринта да готви румънски манджи?,Негативен,0.78,раздразнение
А дано най-накрая се вземат.,Позитивен,0.82,надежда
Пожелавам здраве и щастие на хората от снимките.,Позитивен,0.95,доброжелателност
Хубави хора.,Позитивен,0.95,симпатия
"Витамини и минерали, които се съдържат в морковите, корнишоните и бананите по евростандарт.",Неутрален,0.92,спокойствие
"природата си знае работата - най-добре младо гадже. Тая работа с добавките е загубена кауза. Където ще давам аз хапчета на жената, че белкем и се доиска, по-добре едно младо момиченце където си кипи и без добавки",Негативен,0.78,пренебрежение
"Старшината ни ( към 35, ама ми изглеждаше като чичо) викаше: СТАРА РИБА НЯМА!!!",Неутрален,0.72,ирония
Банана е много важен!,Позитивен,0.72,ентусиазъм
Сигурната добавка е 100 евро...,Неутрален,0.78,спокойствие
Кисело зеле е най-добре.,Позитивен,0.92,одобрение
"Гришо още е млад, има време да завърти дом и семейство.",Позитивен,0.78,надежда
"Този може да изглежда ***,но не е... Страхотна жена си е избрал, което говори много добре за него..",Позитивен,0.86,одобрение
Две простовати физиономии. Няма забрая злобната му физиономия на тоя когато 2012 година загуби след 6 часа битка финала на АО срещу Новак. Това беше най-злобната физиономия която съм виждал. Искаше да изгризе гърлото на Джокович тази испанска мършаааа...А аз тогава откачих от кеф!,Негативен,0.96,гняв
Голям праз не съм го чувал даже :)))),Неутрален,0.72,безразличие
А къде са Лена мустака и Просто Киро баджанака :)))))),Негативен,0.86,подигравка
"""Отис също е прострелян в гърдите"". Това Отис един път жена, един път мъж",Негативен,0.72,раздразнение
"Алоо ,,Отис е тя , оправете ги тия грешки",Негативен,0.78,раздразнение
Дреме ми на бахура какво мислят интериорните дизайнери.,Негативен,0.86,безразличие
"И тоа го е загазил, взел престарела лека на 45, вместо нещо младо 25 годишно.",Негативен,0.92,презрение
Стара мома за стар ерген.,Неутрален,0.72,спокойствие
"СХВАНАХТЕ ЛИ ЕЛЕМЕНТАРНИЯ РЕКЛАМЕН ТРИК - СЛАБ АВТОР, СКУЧНА БЕЗИНТЕРЕСНА КНИГА, АЛА *** В СТАТИЯТА ГО СРАМ ДА НИ ГО КАЖЕ - СИГУРНО СА МУ ЗАБРАНИЛИ. ХРОНОЛОГИЯТА - ИЗДАДЕНА ""се нареди сред търсените български заглавия на пазара през миналата година."", НО ЯВНО СЛЕД ФАНФАРИТЕ Е ПЪЛЕН КРАХ, ТА ЗАТОВА 9 МЕСЕЦА ПО-КЪСНО АВТОРЪТ ЩЯЛ ДА Я ПРЕДСТАВЯ В БУРГАС и ВАРНА,А ЖУРНАЛИТЕ ДРЪНЧАТ, БЕЛКИМ НЯКОЙ СЕ ЗАКАЧИ НА КУКИИЧКАТА И Я КУПИ!!!... Е НЯМА БУДАЛИ!!!...",Негативен,0.98,гняв
Деда от Босна Кедрич като Меланията яничерна туркина.,Негативен,0.72,презрение
"Тази и режисьор, малко странно.:))",Позитивен,0.65,забавление
КАКВА Е ТАЯ МОРФЕМА???!!!...,Негативен,0.86,раздразнение
"Когато поместват материли за такива звезди на киното, защо не качват снимки и от най-силните им години, когато наистина са били големи красавици?",Негативен,0.68,разочарование
на мен вече не ми харесва,Негативен,0.95,разочарование
ако живееше в мизерия и си броеше стотинките дали щеше толкова да и харесва да живее?....,Негативен,0.86,недоволство
"До: ха ха ха18, Учи история ха-ха-ха! В Русия е крепостничество .ВСАЩ е робство,особено в Южните щати. Войната в САЩ е между Севера и Юга",Негативен,0.72,присмех
До 4юли остана малко време Ще видим как ще се развиват събитията.Да не стане на 250 г Севера срещу Юга 21 век,Негативен,0.74,тревога
Като не разбираш по добре не коментирай. 250 годишнината от независимостта на Щатите не е и не трябва да е политическо събитие каквото президента педофил иска да направи.,Негативен,0.95,гняв
"He e лu npaйg, xuч нe мu ro xвaлu!",Негативен,0.82,раздразнение
"Ха-ха-ха, каза най-големият некадърник на света. Оранжевият орангутан си заминава след междинните избори.",Негативен,0.95,презрение
"Ха така, Тръмп ще им попее малко, той пее като никой друг, такова пеене никога не сте чували преди, най-великото и най-незабравимото и никога няма да чуете пак толкова велико пеене, е стига да не реши пак да попее защото става все по велик и велик и т.н.",Негативен,0.72,ирония
"Не били ги чували, значи не стават. Ей, Андрешко, трябва и култура! Само Азис, мазни кючеци и бангаранга за вас. Вие изкуство, пък и от световен мащаб, не заслужавате. Не заслужвате даже и мазните кючеци, ама ви идват наготово.",Негативен,0.98,презрение
"ИМА ТЪНКА И НЕУЛОВИМА РАЗЛИКА МЕЖДУ РОБСТВО,КРЕПОСТНИЧЕСТВО И ФЕОДАЛИЗЪМ.ДА ПИЕМ ЗА ПРЕМАХВАНЕТО НА КРЕПОСТНИЧЕСТВОТО КАКТО В РУСИЯ ТАКА И В ЗАПАДНА ЕВРОПА. НО НАЙ-МИ ХАРЕСВА ОТ ВСИЧКО ПРАВОТО НА ЗАПАДНИЯТ ФЕОДАЛ НА ПЪРВАТА НОЩ...",Негативен,0.72,ирония
Не им варви на САЩ на ръководители....,Негативен,0.82,разочарование
"ТОЙ не искал бездарни певци!. Ами те самите се отказаха бе, чоджум. Черното е бяло в Белия дом.",Негативен,0.82,раздразнение
Тоя нещасmник го бойкотираха от всякъде независимо от тлъстине хонорари които обещаваше на изпълнителите. Сега скучния дядка Тръмп щял да произнесе няколко часова политическа реч като експеримет за масово приспиване на хора дошли да се забавляват.,Негативен,0.96,презрение
"До: анонименДа пием и за премахването на робството Русия, точно по същото време ...има нещо общо нали?",Неутрален,0.62,ирония
1861г. ДА ПИЕМ ЗА ПРЕМАХВАНЕТО НА РОБСТВОТО В АМЕРИКА!!!... CHEERS!!!...,Позитивен,0.95,радост
"До: анонимен""... духът на създателите на америка е най великото нещо на света и тъмна сянка върху феодализма..."" ха ха ха държава която узаконява робството, с президенти робовладелци ---примитивен феодализъм след ренесанса в Европа.",Негативен,0.92,възмущение
До: BONZO/ има огромна разлика между служител с работно време и трудови задължения и човек който упражнява свободна професия и сам решава с какъв проект да се захване.,Неутрален,0.92,спокойствие
"Интересно ако не се бяха отказали повечето, дали Тръмп пак така щеше да говори :)",Неутрален,0.72,любопитство
"Браво, все повече го харесвам.А тук обратното, бездария в музика, писателство и спортове заливат ЕС и нашата родна България.Ех, Тръмпи, не можеш да огрееш навсякъде, но благодаря че има такива хора, които да ударят един прът в колелата на лицемерието и лиготиите.Браво.",Позитивен,0.74,одобрение
"Така се прави, с гордост, a не с yes please, ok, thank you please. Живейки в България виждам, америка, духът на създателите на америка е най великото нещо на света и тъмна сянка върху феодализма. Но това което се случва с америка е постоянния опит за съботаж на идеята америка!",Позитивен,0.72,гордост
"ТРЪМПИ, НЕ МИ РАЗВАЛЯЙ ПРАЗНИКА!!!...",Негативен,0.82,раздразнение
"Важното е,че ще има златен долар с лика му по случай годишнината.",Неутрален,0.78,спокойствие
"О КАДЪРНИ ТРЪМП, СТОЙ СИ У ДОМА!!!...",Негативен,0.86,гняв
Хахах казал им бил той. Те един по един се отказаха въпреки парите.,Негативен,0.68,разочарование
"добър ден на всички гербери, гербаджии, герберасти и герберунгели. Рундю нарунди ли ви го до тон колоните? Лек ден!",Негативен,0.94,презрение
пък дето са се отказали кои са?,Неутрален,0.82,любопитство
"работата е там, че разлика м/у путин и тръмп няма! единствената разлика е на държавно ниво! един вид на тръмпя има някой дето да му дърпа юздите и да му казва стига! докато на пуин ако някой му казва стига ил иго отравят или пада от прозорец или му катастрофира самолета, все такива ""случайни"" неща му се случват!",Негативен,0.92,възмущение
"да се чуди човек, кой е по-чалнат у главата: Путин, Тръмп или нашия чорапчо",Негативен,0.92,презрение
"Обаче Кондьо и Азис си ги чувал и са ти кумири, нали ?",Негативен,0.78,присмех
"От изброените певци не съм чувал нито един. Явно не са толкова известни, така че Тръмп е прав, че са бездарни.",Негативен,0.92,презрение
Тука съм съгласен с Тръмпи. Все едно строителят да не отиде на работа по политически причини. Ай с'иктир на самозабравилите се певачки.,Негативен,0.92,гняв
Наистина дразнещо е като са монго и постоянно се чуват. добро решение,Негативен,0.62,раздразнение
Аз съм вувузелчек и правя вувузели на Урсула!,Неутрален,0.62,игривост
"забранени са семките , усмивките и правото да пиеш вода и да дишаш въздуха докато траят 90-те минути",Негативен,0.86,разочарование
"а да, типичната краварска цензура, заради която винаги са се обезмисляли всякакви събития и желание човек да се забавлява. затова да го gyxam краварите",Негативен,0.95,гняв
СТИГА БЕ ФАШИСТИ - ВУВУЗЕЛЪТ Е ДЕМОКРАЦИЯ!!!...,Негативен,0.94,гняв
"Правилно, това спорт ли е или панаир. Разни вувузели, тъпъни и какви ли не дивотии трябва да се забранят да се внасят.",Негативен,0.88,раздразнение
"Това е заради невероятните закони в САЩ, какво мубе лошото да си гол до кръста и нарисуван в цвета на държавата,която подкрепяш? А ако си жена още по-малко против имам!",Негативен,0.62,недоволство
Либерастка класика,Негативен,0.92,презрение
"Да го ду...wait, what !?",Негативен,0.72,изненада
А в България кога ще ги забранят? ПБ и Румен Радев надуват и се чува ЧАК от Министерски съвет.,Негативен,0.82,недоволство
A семки ще може ли да чоплим и плюем?,Неутрален,0.82,любопитство
"ФИФА е машина за пари ,както и УЕФА ....ФИФА иочаква печалба от това световно милиарди долари ..(дори е стряскощо ...когато една институция има толкова много пари ..а оттам и власт ..)",Негативен,0.88,тревога
И на мен ми викат вувyзелата,Неутрален,0.74,шеговитост
"Няколко читатели,искаме да сложим ред в естетичното изглеждане на една телевизия,но собствениците й,се правят на важни,което лично на мен,не ми пука.Б.Лазаров, т. нар. синоптик в БТВ,не е за пред камера с тези си килограми,подходящи по вече за щангист тежка категория.Отива зад паравана в студиото,докато влезе в нормата,подходяща за тази професия.",Негативен,0.96,презрение
"Похвали,алабализми.Опъна ли я вече или предстои? Това е важното.",Негативен,0.86,презрение
"Да , изключителна е , най-добрата , Djey GO",Позитивен,0.98,възхищение
Изключително полезна новина. От 30 години се вълнувам от живота на изключителната звезда,Позитивен,0.95,възхищение
"Джус похвали ли те, значи има полза/файда/фандък от тебе .. това е",Неутрален,0.68,цинизъм
"Ивета, вече е досадно да пишеш само за J.Lo, и то толкова неграмотни и плиткоумни статии!",Негативен,0.96,раздразнение
Голям праС .,Неутрален,0.72,безразличие
"Не знам какъв е бил като човек Вал Килмър, но да говориш така за починал е, меко казано, грозно.",Негативен,0.92,възмущение
Този пак са го изтървали от 4 ти км....,Негативен,0.88,презрение
Аз искам Кампари ориндж!,Позитивен,0.65,желание
в косите при 40 градуса по Целзий ще въздейства убийствено възпламеняващо на съзерцаващите.,Негативен,0.72,напрежение
"Културата идва от хората.... ти говориш за шоу бизнес, аман от неуки и бездарни ""артисти""!",Негативен,0.95,гняв
"ако входа не е безплатен а посещенията- организирани, кой точно ще иде да помогне на тая леличка да си хване таргета?",Негативен,0.82,раздразнение
"в държава, в която премиера говори за намаляне на пенциите, тристате милиона бюджет на министерството на културата отиват за фестивалчета, художествена самодейност и командировки, а певците от софийската опера пеят за шрек началника им да може да плати тока.",Негативен,0.94,възмущение
си е в хората. Често хората са значително по-културни от т.н. носители на култура.,Позитивен,0.72,одобрение
"Първо нека да достигне до вас, защото вие сте все още брутални, агресивни, лъжци, кадци и много алчни българи от български произход.",Негативен,0.98,гняв
Изтрещял свят.,Негативен,0.9,разочарование
"Самопровъзгласилата се за ""най-богатата котка в света""...===Самопровъзгласилата се??? Това е котка. Тя няма представа какво е богатство. Не може да се провъзгласи за нищо. А самопровъзгласилата се журналистка е смешна.",Негативен,0.92,подигравка
Тоя къв се пада на азис!?,Неутрален,0.78,любопитство
Ритарди Би каза че ги е видяла да се обяздват и да скимтят докато слушали песента на Васко Жабата.,Негативен,0.62,подигравка
"Кажете просто, че и евреина я е боцнал. Няма защо да го овъртате.",Негативен,0.78,раздразнение
Ритарди Би ще и спретне торта Гараш и ще я въведе във възходите и паденията на пернишкия винкел.,Неутрален,0.68,ирония
Коя е Мая Джама и кой е Рубен Диас?,Неутрален,0.98,любопитство
"Егати яката новина , евала",Позитивен,0.98,радост
"Ако беше махнала и розовия бански, щеше да събере и още нещо в добавка ...",Негативен,0.68,похот
Що за глупости?,Негативен,0.95,раздразнение
"Представям си нашиОТ неук бачкотещ баачкер россофил, печелещ НА Испания на година, колкото нормален човек у нас на месец, как ще бере ягодите от вкъщи :)))",Негативен,0.92,презрение
"Според мен е голяма глупост тази ""работа от вкъщи"". Моето семейство никак не се радва...Хосе, 46 год. Патоанатом.",Негативен,0.92,недоволство
И строителите ли ще работят от дома си? За братпеда питам. Прави басейни.,Неутрален,0.78,ирония
"Кифла е много развълнувана от ""тенденциите""",Позитивен,0.82,вълнение
"За който не...знае,Бедечка е едно поточе, което...извира от баирите над Ст. Загора и пресича града. Та заралии от местен...патриотизъм имат следния лаф - ""Бедечка,до...Бедечка и става Черно море.""",Неутрален,0.78,забавление
"Нема мое, нема твое, сичко е БЕРОЕ !И загорелка в двулитровки на тумбак !",Позитивен,0.86,радост
Аз предпочитам ущипци иплескавици.,Неутрален,0.82,спокойствие
"Сръбски, сръбски .. колко да са сръбски кебапчеата?!",Неутрален,0.72,скептицизъм
"Пуштай Миле Китич, режи рикийъта, сипвай салатата и давай чевапчиците насама !",Позитивен,0.86,веселие
"Все си мислех,че германците са разумни и прагматични,но и там се намират заухавци,които са си купили ""ЛАДА"".",Негативен,0.89,презрение
"Те швабите фалираха собственото си производство на автомобили, та лада ще пожалят, само чине електрокарите стават, но те не се купуват. На къде отиват швабите, ясно е на велосипеди.:))",Негативен,0.87,сарказъм
В Германия Лада Нива е на почит.,Позитивен,0.9,уважение
"Моето наблюдение е, че ладите нива преди 1990-96г., бяха по-здрави (и пак с постоянни ремонти) от тези след това. От 1990г., само скапват качеството и конкуренцията ги изяде. Няма как с влошена механика от преди 50г да вървиш напред и да печелиш пазари.",Негативен,0.95,разочарование
"До: Правилно Къде къде по-болен трябва да си, за да напишеш подобен идиииотски коментар. Преди да пишеш, провери колко члена има фен клуба на Лада в Германия и дали тази фирма е продавала добре коли, преди гадното им правителство да я фалира, чрез незаконни разпореждания за бизнеса",Негативен,0.96,гняв
"Колко са спрости българюнгите, те не знаят, че всички планински земеделци в цяла Европа са на Лада Нива или Сузуки Самурай",Негативен,0.95,презрение
"Вносителят на руската Лада си беше добре и си има до ден днешен много клиенти в Германия. Фалираха го управниците там начело с канцлера ""болка"" (Шмерц). Прокараха закон, с който забраняват вноса на коли от Русия и забраняват каквито и да е плащания от Германия към Русия и от Русия към Германия за каквито и да е фирми. С подобно изнасилване на ""свободния"" пазар на Запад, законодателството там и добрите нрави, само миналата година фалираха над 65 000 немски фирми. С акушерката начело всичко фалира",Негативен,0.95,гняв
Фирмите в Германия тепърва ще фалират при тези високи цени на енергоресурси,Негативен,0.92,тревога
"Някой от великите разбирачи с коментарите под моя изобщо карал ли е Лада Нива в условията, за които е създадена. Заюо питам ли, ами защотоп пртеди години ми се налагаше да обикалям по работа по язовирите. Във всякакво време и метео условия. Че и по границата също. И какво ми видяха очите - прехвалените ровъри, двипове и сие просто оставаха в калта или в началото на баира. А нивата бавно и полека мина по всичките пътища и без пътища. Та това ми е опита. Отделно нещо е цената и. Ми, правете си изв",Позитивен,0.68,раздразнение
"Колко трябва да си болен, че да купиш руска кола в Германия е въпроса",Негативен,0.95,презрение
"Нищо, сега може да започнат да внасят в Германия електрически москвичи!",Негативен,0.72,ирония
Даже много закъсняха!,Негативен,0.92,раздразнение
нормално за всичко руско,Негативен,0.62,пренебрежение
Абе само факта че лади са се продавали в Германия е изумителен. Някакви немски соцаджии мазохисти са ги купували. Дори нашите соцаджии не ги искат,Негативен,0.92,презрение
Хи-хи-хи.,Позитивен,0.82,радост
"Качествен сервиз ..?!? На какво, бре?!?! На печки на твърдо гориво. Качествен сервиз се прави на автомобил.",Негативен,0.9,раздразнение
Ще ни ги продават нов внос. Тук части още има.,Негативен,0.62,скептицизъм
Свободната западна пазарна икономика какво представлява е ето какво е тоталитарна икономика.,Негативен,0.82,недоволство
"А в България този проблем стои много отдавна, затва лежим под Нивите, ние, вместо въпросните ""майстори"", които са кат доктоРите маа, земат ЕДНА БАЛА ПАРИ и плачат колко труд са фърлили. Ами, не ставай автомонтьор, та йевъ, СТАНИ ПИАНИСТ!",Негативен,0.96,гняв
Машина времени - тотал гарбич для советские мариконив,Негативен,0.95,презрение
"До: анонимен1 ***, един човек ми каза че много разбираш от кашкавал и от кетъринг. верно ли е?",Неутрален,0.87,любопитство
"спрете да напъвате велиан да се случат. търкаляйте си ги по програмките усвоявайте си усвояванки и пуснете гювеч на некой нормален музикант, заминахте концертна дирекция еви му меча",Негативен,0.87,раздразнение
"Като чета изискванията,май ще трябва и химическа тоалетна на сцената!Банани и вино,боб с варени яйца",Негативен,0.72,раздразнение
"Това с виното стана малко на традиция. Всяка група си избира нещо от държавата домакин да я хвали и последните години решиха повечето да ни хвалят виното, колко хубаво било.",Неутрален,0.82,скептицизъм
"За тия само вкисната боза, вкиснало кисело мляко с вода на айрян, кафе нова Бразилия че боли сърцето от него, бира от Лидъл евтина и топла, и заключени тоалетни..... А за енергиите напитки само Боост и Шарк че са *** марки, щот без тва тяхното не е музика, ама може по една баница и шкембе чорба да разправят после колко са хубави",Негативен,0.95,презрение
"Каква звиздъ е Филип Киркоров? Блатен символ на блатната шлака,абсолютно неизвестен извън прогнилия совок.",Негативен,0.98,презрение
"Киркоровците вият грозно,зловещо",Негативен,0.95,отвращение
Тоя рашиски индивид от обратната страна на тротоара да ходи при ритонките да се жалва.Рашиския индивид без Ала Погачова си беше абсолютна мърлааа.,Негативен,0.98,презрение
"yкропите почнаха да си връщат окупирани територии, пускайте машината за жaлкa пропaганда да мели :)))))))))",Негативен,0.86,презрение
стига сте ни занимавали с руски връзки и глупости,Негативен,0.92,раздразнение
хъра мъра на пудуенската гара неква бара под хастара зара на зъбара шо праи гЪргара с мъжката отвара и мляска ли мляска и бара бара под хастара.,Неутрален,0.58,закачливост
Стига вече сте ни занимавали с тая употребена чалгаджийка. Поредният *** начин да се насажда омраза към Русия. Дарина дето направи за резил българската култура - да си мълчи.,Негативен,0.97,гняв
"От фенове съм чувал, че конкурса ""Евровизия"" е бил нЪгласен предварително срещу Кексуални услуги, а за колежките на Дара: Емилия на Башур и Джорджия на Руския казаха, че били пУръчвани от фенове и след като, забременяли от тях иСмамили мъжете си, че децата са от тях, като Джорджия била имала силни връзки с хора, които манипулирали теста за бащинство и иСмамила Кирчо Руския, че детето е от него и аз, като бях млад имах такива жени и като разбрах, че ме иСмамиха не им давах издръжка.",Негативен,0.93,гняв
"Аре, бе... той па стана любимец на пост-съветските зрителей и слушателей, благодарение на българските композитори. Изпя в клоунски екип сумати наши песни на съветски език, ожени се за Ала, която стана звезда с песен на Емил Димитров, а рудките интелектуалци не могат да го понасят. Жив и здрав да е, този ходещ кич, забавен е...",Негативен,0.78,ирония
Да те е страх в България да поздравиш някой. Веднага сифмисли че искаш да му вредиш.,Негативен,0.93,страх
"Ама Киркоров има ли нужда от славата на Дара? Той отдавна е звезда, сериозно ли мислите че той се умилква за признания? Ако някой ви праща поздравления, просто благодариш. Само дивака почва да се заяжда.",Негативен,0.82,раздразнение
"Щях да се учудя ака в България не избухнеше крамола. Българите не заслужават нито медали, нито награди, нито празници. Веднага избухва еснафска разправа, веднага някой нещо иска да им отнеме, веднага някой се възползва от тях, веднага някой им краде успеха...Дребни комплексари.",Негативен,0.98,гняв
А коя е Дара?,Неутрален,0.95,любопитство
"Лили Иванова няма как да донесе Евровизия в БГ, защото тя не може да танцува и никога не е можела! Заслугата е на Дара и тези, които са й помогнали! Изпълнението й беше супер ,перфектно!",Позитивен,0.68,възхищение
"Дара - не навлизай в обяснения, защото ще станеш за резил. Киркоров е намерил човек, който е платил. Неслучайно Милутинова, която плонжира пред всичко украинско си трае. Успехът бил твой, ама без парите осигурени от Киркоров как щеше да стане ? И ако продължаваш да ръсиш глупости, Киркоров ще извади документи Той е стара кримка.",Негативен,0.97,гняв
Дара Бара Хастара на Подуенската Гара Ахара Ахара Ахара,Неутрален,0.92,неутралност
"Тия от Виржиния рекърдс ще и пуснат няколко пъти парчето по чалгаджийските си канали,няколко интервюта и край! Киркоров е от стара коза яре и може да и помогне още много! Всички певци и певици които и до днес пеят изкараха луди пари в СССР! Всички! Киркоров кара Линколн!",Негативен,0.76,разочарование
"Това момиче няма какво да се меси в неща , които не трябва да я интересуват! Тука сега ще си отворят устата и други хора и тя ще обере пешкира!",Негативен,0.95,гняв
"Е да де! Дара сама отиде в БНТ,намери пари и екип! Или чалгаджиите от Виржиния рекърдс изкопаха парите! А бе хубава работа стана,ама българска!",Негативен,0.86,раздразнение
"До: ВарненецЯвно не можеш да разбереш... , жалко за тебе. А за момичето, нека се развива, но не чрез нагласени конкурси. Визирам вътрешния на БНТ",Негативен,0.88,разочарование
Арменско-руския Азис случайно роден във Варна се чуди как да стане пак релевантен след едно определено гей парти дето стигна до медиите,Негативен,0.88,презрение
"До: анонимен 170Това не противоречи на мнението, Жалко е за момичето..,",Негативен,0.78,съжаление
"До: цицетоНе мога да разбера какво ровите там, където нямате работа! Кой на кого и какво ще носи, дали мед, или жила от пчели си е тяхна работа, а е съвсем в реда на нещата вложеният труд, контакти и пари след постигнат успех да се осребрят!",Негативен,0.86,гняв
"И за да сме кристално ясни опираме до два варианта:...1.Киркоров Лъже и ...2.Дара и екипът й лъжат! Остава да разберем кой как, какво, кога и защо и накрая да не се окаже, че Киркоров ИМАЛ намерение да даде пари, ама после пък се свързал с друг, който ги дал вместо него и всичко да стане едно огромно кълбо от лъжи!...Така, че СПРЕТЕ СЕ!",Негативен,0.92,гняв
ХАЙДЕ МОЯ МАЛКА БАНГАРАНГА DARA ДАЙ МИ СИЛИКОН И ДЖУКИ...,Позитивен,0.72,ентусиазъм
"Ееех Даре, Даре, жалко е че не можеш да разбереш че ти си един продукт в който хора като Армутлиева са инвестирали и сега искат да си избият парите. Когато не си им необходима, ще намерят друга Дара да им носи мед..",Негативен,0.92,разочарование
"до 63: не си прав. Това казвам, група от много влиятелни личности тази година бяха в нашия щаб. Лили Иванова да беше излязла, те пак щяха да и осигурят победата.",Неутрален,0.62,скептицизъм
"продължение от 164:групата, която се занимава с фалшификацията на Евровизия, този път идва в БГ, като преди това е била водящ елемент за победите на други участници за посл. 10 г. :)Нямам потив българи да побеждават някъде. Имам против истината да се изкивява. Сама Дара нямаше да мине 3-то място на конкурса още в БГ.",Негативен,0.86,недоволство
Филип със сигурност има македонски корени.Щом той е измислил и написал песента.Остана и изпълнението да е негово.,Неутрален,0.78,увереност
"Много симпатична девойка. Страхотен характер, красива и талантлива. Класа при срещата с Рублен и отново с Филип.",Позитивен,0.98,възхищение
"Баба Яга на Евровизия.Да каже кой е спонсора и свързаните около него вифури.Има твърдение, че победата е била дадена и това си личи още от манипулациите вътре на вотовете в БГ.Дара от 3-та става втора, а после 1-ва, след нарочно оставен сървър, който да приема вотове. Ясно е, че тези вотове са от скриптове, които цъкат числа. После се вижда, че тя ще остане макс втора и променят журито да определя 75 не 50% от тежестта. И Дара вече е първа.",Негативен,0.94,гняв
"Драго Чая и Филип Киркоров гейове ли са? За Драго Чая отдавна май се говори, че е гей.Не ми беше известно, че Драго Чая и Киркоров са имали гей връзка. Значи Драго Чая е направил връзката между Дара и Киркоров. Между другото Дарчето колкото повече си отваря устата по темата с Киркоров, толкова повече се излага. Да си беше мълчала по-добре. Сега такава реклама му направи на Киркоров, каквато не е и мечтал.",Негативен,0.86,неодобрение
"Ами то всичко е чуждо, само Дара е от Бг.:))",Позитивен,0.72,развеселеност
"Песента е направена от грък, румънец и швед ли беше, норвежец ли някакъв тампрез 2023-та, а излиза на Евровизия 2026. Киркоров е помогнал също. Значи Дара излезе на сцената да раздруса големите си дини и да изпее чужда песен, на английски и на ямайски. Какво и е българското на тази песен? Дара, еуфорията свърши. Вече пак си си същото момиче от село с противен диалект и вид на момиче за повикване и която го обича повече от хляб. Стига с тая звездомания.",Негативен,0.98,презрение
"Сега с две думи, кой спечели Евровизия? Дара или Киркоров? То е ясно, че след всеки млад изпълнител стой спонсор, но какво от това? Мислите ли, че Уитни Хюстън или Майкъл Джексън са нямали спонсори в началото??? Какъв е този *** спор?",Негативен,0.82,раздразнение
"Научете я тая с постоянно отворена уста като кекс кукла какво да говори. Значи, песента е от 2023г написана специално за Дара, гърка казва че песента е написана от него и гръцкия му екип, Обаче, БНТ, дето се хвалят че не са дали нито един евроцент, организират ""конкурс"" за да ""изберат"" изпълнител"" при вече определен и дори разиграват ""зрителски вот"", Чужд спонсор, чужд автор на песента, чужди танцьори, подготовка в чужда държава.... КОЕ е българското? Ахаа, Дара. Нещо друго? Няма, нали?",Негативен,0.95,гняв
Дара е бездарна.,Негативен,0.95,презрение
Вълнувам се едно ме опъват за пръв път. Кога почва Световното ?,Позитивен,0.82,вълнение
"Ако е дал пари,с право се тупа по гърдите.Успеха е реалност.Сега да видим и кой е разрешил строежа на Баба Алино и кво е взел и дали удобно сега не е пуснал тази тема за да се занимаваме всички с нея.Арестите на Борисов и Пеевски трябва да са реалност,кражби,подправени документи за дефицита,отклонени средства към близки фирми",Негативен,0.86,гняв
Изгорете вещицата дара продала се на сатаната на кладата,Негативен,0.98,гняв
"Айде обяснете как песента е написана 2023 по поръчка на БНТ, а селекцията на изпълнителите на БНТ е януари 2026?",Негативен,0.78,недоволство
"Дарино,време е да се покриеш,еуфорията отмина като вчерашния дъжд,от който няма и следа.Чужда песен,чужди танцьори около нея,от теб се искаше само да са друсаш,за по голям ефект.",Негативен,0.92,презрение
Айдеее почна се селската дандания...давай даро покажи им кой е най-големия *** евровизионер.,Негативен,0.86,презрение
Те говорят за различни неща. Киркоров казва че е намерил спонсор без който изброените от Дара щяха да гледат евровизия по телевизията. Тя няма как да знае кой е спонсора,Неутрален,0.82,спокойствие
"Мачкай, Дарче. Тази песен е нещо феноменално...много хора са ми казвали че първия път когато са чули песента са искали да си изповръщат червата и след десетия път слушане са я заобикнали и най-вече Дара и нейното изпълнение и артистизъм по време на песента...какви очи вади на учудване, на присмех, на всякакви емоциии. Мисля и че с много от вас е така. Феноменална Дара! А геронтофила Киркоров да си го навре знае къде.",Позитивен,0.82,възхищение
"Обаче Драгомир Драганов каза по БНТ, че от БНТ са говорили с Киркоров. Това го има записано",Неутрален,0.92,неутралност
как така успеха не е на Киркоров. Всичките успехи са само за рассия.,Негативен,0.78,сарказъм
"Първо Киркоров не казва, че е помагал лично на Дара. ВТОРО Как така Дара или БНТ са поръчали песента 2023 г. и са я получили, а една година по-късно правиха ИЗБОР НА ПЕВЕЦ????? Точно това казва Дара в този коментар",Негативен,0.86,възмущение
Алооо автора руснакът Филип Кирков има Българско гражданство!,Негативен,0.68,раздразнение
"Най-щастрива от цябата работа е скумрията Саня Армутлиева, която сега ще изкара милиони от златната си рибка Дара !",Негативен,0.86,презрение
"Тоя абориген Христо Христов, тотално му е паднала веригата! Горкият, въобще не знае къде се намира! Чак да му стане жал на човек, колко мъка има по този Свят!",Негативен,0.96,презрение
"В целия този проект Бангаранга няма нищо българско освен изпълнителката. Песента е проста и безчувствена, изпяна на английски, но станала хит благодарение на безкрайно талантливата и артистична Дара.",Негативен,0.82,разочарование
"Ами че прав е Филип, тая женичка какво се penчu толкоз",Негативен,0.82,раздразнение
"Абе направо Киркоров е спечелил Евровизия, нека да е на чибурашките и без туй имат много комплекси за избиване!",Негативен,0.92,презрение
"Киркоров се чуди как да привлече вниманието към себе си,не си струва изобщо да му се отговаря!",Негативен,0.92,презрение
"и какво толкова е казъл Киркоров та подскача нашата ,май ще пресоли манджа5а накрая",Негативен,0.78,раздразнение
"DARA стана известна в цял свят, а този руски гей освен в просия и пенсионерите в България, никой не го знае кой е.",Негативен,0.92,презрение
"Има си хас, Русия да не си препише успеха на България! Щеще даже да е неестествено! Те и азбуката и религията са я взели от небето а не от България :)))",Негативен,0.82,ирония
"ДАРА бъди по-скромна, трите дни слава отдавна минаха!",Негативен,0.92,пренебрежение
"Киркоров много ясно подчерта,че е мълчал дълко време именно заради такива спекулации! Дара,дали щеше да направиш това сама? Я малко свали гарда! Прекаляваш! Омазахте се вече-като че ли кой знае какво е станало!",Негативен,0.88,раздразнение
Нищо не помниш .Мача беше в София и ги бихме с гол на покойния Трифон Иванов .Не на сред Москва.,Негативен,0.62,раздразнение
Като се наяде въшката излиза на челото!!,Негативен,0.92,презрение
Лъже като руснак...,Негативен,0.92,презрение
"Хайде пак силиконови писъци. Малко изчезна от общото внимание и веднага се чуди как да го върне към себе си. Дарче, ти вече си употребена от когото трябваше. Кротни се някъде и не влошавай нещата за себе си с излишен шум.",Негативен,0.98,презрение
"Какви ги говори безДара? Варна е родила само два таланта в историята си- другарят Киркоров и моята скромна милост! Вярно, списъкът е доста къс и мек, но това е положението!",Негативен,0.82,ирония
"Ако сега има анкета по целия свят коя е ДАРА, и кой е този мазен прикрит гей? Освен в рашистан и Бг някой чувал ли е за това затлъстяло чучелЬо. Дори верният му хомосексуален почитател Драго Чая изглежда по-човешки, след като ходи в Турция да му изсмучат тлъстините",Негативен,0.98,презрение
"не знам с какво тая песен(ако може да се нарече ) която е най меко казано посредствена ,ви кара да се гордеете че сте българи, нито текста е български , нито музиката , нито хореографията , дори не се пее на български",Негативен,0.96,разочарование
На Дара,Неутрален,0.95,спокойствие
"Честно казано, аз се срамувам от това изпълнение и тая песен. Защото не се отъждевявам нито с музиката, нито с маймунджелъците, нито сега с отрицанието, само и само да удовлетворим умраинската мафия в България.",Негативен,0.97,срам
Достоен отговор,Позитивен,0.82,одобрение
Какъв успех?!?,Негативен,0.78,раздразнение
"На Натаняху трябва да благодари, като и на кирчо и кокорчо, туквун, прасчо и чорапчето че скалъпиха бюджета да се приеме еврото ...",Негативен,0.88,недоволство
"То па един успех , Бюджета скъсан ,днес ще теглим 3,9 Милиарда Заем , но за таз натрапена ни тъпня еврошизовизия пари имаме .",Негативен,0.95,гняв
"До: Цитат, само ти ли не си разбрал? нема инвеститор, има гръцка продуцентска компания, с която БНТ работи от години, а правата за Евровизия са на БНТ това е !",Негативен,0.78,раздразнение
"То па една песен... Само името и песен. А Киркоров щом казва, че е намерил пари, значи е намерил.",Негативен,0.82,пренебрежение
Дарче тая работа не като оная работа,Неутрален,0.72,спокойствие
"До: анонимен109 Е ,пращаме ги обратно при зелето им.Почнахме ги в Баба Алино тия наглари!",Негативен,0.88,гняв
"Ако не беше България,тоя нямаше да го знаят.",Негативен,0.82,презрение
"От статията за изявлението на Киркоров:""Той отново подчертава, че без него ""Катя, Емил Кошлуков и инвеститора, чието име, разбира се, се пази в тайна по много причини, тази победа нямаше да се случи"".________ЗАЩО СЕ ПАЗИ В ТАЙНА ИМЕТО НА ИНВЕСТИТОРА? Някой руски олигарх?! Да не е ГГ който инвестира и в РР?",Негативен,0.86,недоверие
До: анонимен109 Е може и обратно в Украйна при зелето им.Почнахе ги в Баба Алино!,Негативен,0.78,гняв
"спомням си навремето, когато Христо Стойчков играеше. имаше един мач България-Русия та ги бихме насред Масква, и един нагъл руски журналист пита некакви глупости Ицето и вмъква там некъде че ни били асвабадили 2 пъти и Ицето му отговаря "" е ние сага ви освободихме вас от участие на световното"" :))))",Позитивен,0.92,радост
"Споко, то скрито, покрито не остава, чия заслуга е, ще стане ясно.:))",Позитивен,0.78,спокойствие
Напълно очаквано БНТ мълчи понеже те имат договор не дара,Негативен,0.78,разочарование
Да не би да е помогнал Гарабедов и да е станала грешка с Киркоров?,Неутрален,0.62,скептицизъм
"Този престарял руски гей (и там има такива и то много), който го е ударила деменцията,що трябва да му се обръща внимание?",Негативен,0.96,презрение
"До: анонимен105 Този сайт е български,а не украински!",Негативен,0.72,раздразнение
Саня я подкокоросва да отговаря така,Негативен,0.72,раздразнение
В този сайт само руски ***.,Негативен,0.86,раздразнение
"До: iva, не че нещо, ама Киркоров в момента неможе дори и за себе си да намери спонсор",Негативен,0.86,ирония
"Украйна ,вън наглите украини от България!",Негативен,0.98,гняв
"Евровизия е таква боза, че призовото място въобще не означава най добра песен и изпълнител. Не чуваме нищо за големи успехи и световни концерти на победителката, но топлим манджата с интриги и извъртане на реплики. И след като се е потрудила да изреди чия е главната заслуга, продължавам да неудомявам какво точно и е българското на песента за да се идентифицирам с песента и успеха?",Негативен,0.92,разочарование
"идва от македония с помоша на русия, въобше има ли нещо за което руссия няма заслуга? звучи някак македонско, нали?",Негативен,0.78,ирония
"До: Ада на чебурашкитеДа и дежурната зомболашка ,която била чувала само руска реч в центъра на София,защото си е мислила,че София му е Киев се обади!",Негативен,0.86,презрение
стига ни занимавахте с Дарачето ;),Негативен,0.78,раздразнение
"Спокойна Дарче , не се пъни пред умно красивите, ще е викнат да пееш на гей парада и ще захлебиш грантчета",Негативен,0.92,презрение
"Някои не разбират български или нямат мисловна дейност. Той не е участвал в съставяне, представяне и всичко свързано с песента, а само с финансирането и. Ето какво е казал""По думите му, след среща с тогавашния директор на БНТ Емил Кошлуков, организирана от приятелите му от дует ""Ритон"", Киркоров е намерил инвеститора, който е дал средствата за участието на България в ""Евровизия"".",Негативен,0.82,раздразнение
"Киркоров е просто кремълския шуут, не заслужава дори и да бъде коментиран",Негативен,0.98,презрение
Тоест ако не беше Киркоров Дара никой нямаше да я знае и да си пее по трунето на Кока кола по селските площади,Негативен,0.92,презрение
"Дара да изпее долу Украйна,марш от България нагрли украинци ще стане национална геройка.Ще ми строи тук Али Баба незаконно и ще си прави Украйна.Айде.Че наглярите от Украйна чак са му повярвали.",Негативен,0.95,гняв
Браво момиче! Поставила си го на мястото му.,Позитивен,0.92,одобрение
До: анонимен 76..така е от Бургас е но не знам да има българско поданство...а щом подкрепя войната в Украйна...зае...го...,Негативен,0.86,гняв
Като не дава бг данъци много ясно че ще търсат от чужбина. Босфор тв и домуса що не платиха на Дара и дружина. Шот са ес и стиснати нали. Ама после се селфират с Дара в преди обет нали .Днешно време нищо не става без пара и то без много пара.,Негативен,0.86,гняв
"бнт не е дал един цент , ама било иначе морална подкрепа, даже и песента не е тяхна ми на продуцентите и всики приходи отиват при тях",Негативен,0.86,разочарование
"Дара,като ти пожелавам добро здраве и все така самоуверена,трябва да ти кажа,че победата ти е политическо решение на онези двете кобри У и К.Така,че презими се малко .",Негативен,0.92,презрение
"Така ли му викат вече- морална подкрепа? Намерил парите човека, намерил продуценти. Ха-ха ха-ха ха-ха ха-ха",Негативен,0.82,насмешка
Може да е свързал Кошлуков със спонсори.Но по никакъв начин не е помогнал на Дара.Таксата за участие на Евровизия се плаща много по-рано от избирането кой певец ще представя България и с коя песен.Това беше определено от зрителите на БНТ с гласуване.,Неутрален,0.82,спокойствие
"Добре бе, ако БНТ не са дали парите над 1 млн евро за участието на Дара на Евровизия, то кой е дал тези пари?",Негативен,0.64,възмущение
"Намерил хората и парите Дарче, това не е морална подкрепа",Негативен,0.82,разочарование
"До: тваДа и тук като му набиеш шутовете на някой нагъл украинец ,който си е въобразил,че е в Украйна може да казва само усофили.",Негативен,0.93,гняв
Да подкрепим Дара с един мощен шут по ненаситните руски заgнuци.,Негативен,0.92,гняв
"българина е гоуем, баце - дупедатите си дигнаха заплатите и на секи 3 месеца да се дигат още, на другите да се замразат, от пенсиите да се земе, че им е много - никой не му пука, но глей за Дара, че се изпотепат кой да я изкара по-велика",Негативен,0.94,гняв
До: тва.. 79... Да не са те правили та знаеш..,Негативен,0.78,раздразнение
"До: ДАРА ИЗПЕЙ ПЕСЕНТА..Е тук да не е Украйна,а?",Негативен,0.82,раздразнение
Ме руснаците са като македонците на всяко гърне мерудия. Хубаво го нахрани...,Негативен,0.82,раздразнение
До: История... Киркоров Е българин от Бургас..,Неутрален,0.85,спокойствие
"единствено македонците са най-скромни. Не врякат, но си знаят, че цял свят е наясно, че щом Сайрил анд Митоудий са македонци, значи и бангаранга е македонска",Негативен,0.82,ирония
казваш руснак и не коментираш повече..,Негативен,0.78,презрение
"Киркоров дори и да е дал 100 рубли в което дълбоко се съмнявам е много грозно след това да го натякваш, да се самоизтъкваш и да искаш вечна благодарност. Но това си руска имперска политика още от руско-турската война от която насам българите не можем да се отблагодарим по никакъв начин на Русия дори и след 5000 години.",Негативен,0.95,възмущение
Типично за руснаците да лъжат за всичко,Негативен,0.95,гняв
"Абе те кирилицата, матрьоршката, Волжка България... каво ли не окрадоха, сега с една Бангаранга ли няма да се пробват.",Негативен,0.87,възмущение
"Неблагодарността не е добро качество! Дори с един цент да ти е помогнал не се говори така. Морална подкрепа. Каква морална подкрепа ако ти е помогнал финансово? Всички знаем, че БНТ нямаше пари за участие в Евровизия години наред.",Негативен,0.92,възмущение
"Не че нещо, ама Киркоров нема една негова песен, всичко му е крадено, целия му успех е вследствие на присламчване към един или друг изпълнител, навремето се присламчи до гоумите сисии на ритонката, добре че бате Здравко е айляк, иначе никога немаше да стане известен, после се присламчи до Погачова ... и така:) и понеже кариерата му в рашка е тотален провал в момента и здраво го е закъсаал се чуди къде сега да се присламчи",Негативен,0.97,презрение
"дараранга даже не е и разбрала за какво иде реч, но се из*** неподготвена",Негативен,0.92,презрение
ЕИИ ДАРО ОТМЕСТИ СЕ ОТ ПЕИСАЖА ! ПРЕЧИШ !,Негативен,0.95,раздразнение
Явно все пак е дал пари.....,Неутрален,0.72,изненада
"Той говори за МАТЕРИАЛНАТА подкрепа, а не кога е писана песента и кой я е писал! Финансирането и осигуряването на вота за първото място безспорно е дело на Русия, в лицето на Ф.Киркоров. Това че сега някои са бесни, че Киркоров се е разприказвал за нещо за което е трябвало да се мълчи, си е техен проблем. А за гръцкия продуцент Илиас Кокотос вече се появи информация че е човек близък до Путин и неговата компания е тази с която работи с Киркоров.",Негативен,0.82,възмущение
Важното е да има зрелища докато събирате капачки за линейки хахаха роби,Негативен,0.92,презрение
Сега цяла година ще ни занимават с тези глупости,Негативен,0.95,раздразнение
Колко не им се иска на някои да си признаят че помощ пак дошла от Русия)),Негативен,0.72,ирония
"Рашистански пропагандист и прикрит, но очевиден хомосексуалист. Как да не е лъжец",Негативен,0.98,гняв
Киркоров вместо да лъже че без него България нямаше да види Евровизия да даде пари за гасене на пожарищата в Св. Ленинград че стана голяма излагация на путинизма пред целия свят.,Негативен,0.92,гняв
най-обичам да хейтя успелите хора в българия,Негативен,0.92,завист
"Поредното доказателство, че успехът има много майки и бащи, а провалът е кръгло сираче! Когато човек няма с какво друго да се похвали, се залепя за чуждия успех! Киркоров да си гледа работата и да не ни се навира в очите. Смешно е разни подобни периферни екземпляри да се изтъкват. Остава и някоя сервитьорка да се изтупа в гърдите за успеха на Дара, защото й е сервирала обяд/вечеря! Жалки са!",Негативен,0.98,презрение
"До: анонимен 75 И защо Киркоров да е имитация на Азис, а не обратното? Киркоров е бая по-възрастен и по-отдавна има кариера от Азис. А какво харесват руснаците защо ти пука изобщо? Ами, те могат да пишат, че българите имаме лош вкус и сме ко.чи.на, щом харесваме Мара Отварачката или Веско Маринов примерно.",Негативен,0.78,раздразнение
БНТ е фалирала и не зима нищо от кабелните. Киркора има фирми и банки в Дубай. Това е истината.,Негативен,0.82,гняв
"До: Анонимен 66 Киркоров грам не се заяжда. Пълното му изявление е, че поради купищата слухове и въпроси от журналисти е решил да си каже, че е дал рамо на това участие. И не е направил нищо лошо. Просто я е свързал с познати, които да я спонсорират.",Неутрален,0.78,спокойствие
"И какво лошо Киркоров да е помогнал? При това той казва, че е осигурил парите за участието чрез свои връзки. Написаното от Дара е глупаво- можеше само да му благодари без увъртания. В крайна сметка няма лошо дали ще ти помогне руснак, арменец, турчин или българин, а Киркоров е и по произход българин. Не е платила руска фирма, не са нарушени санкции. Защо трябва да се правим на по-брюкселски зелки от брюкселци?",Негативен,0.78,раздразнение
"Русофилите плюят по Дара, изкараха я сатаниска и какво ли не защото тяхната русийка е изгонена като зло куче от Евровизия. А за русофилщината е невъзможно българин да направи нещо сам без решаващата помощ на кypниkа Россия.",Негативен,0.95,гняв
"Чуеш ли за руската качина, беги далече!!!",Негативен,0.9,страх
"Има някаква истина някъде, но пак няма да я разберем. Киркоров има нещо предвид, иначе няма да се заяжда., после ще започне да иска и пари, всичко опира до там - парите .",Негативен,0.82,разочарование
"Румен Радев Рапона доведе Дара Бангаранга. И двамата са бангаранга. Посрамиха България. Песен без съдържание и БЕЗ ритъм, както и слабо ляво кардливо ко-мунистическо правителство. Най-слабото правителство на България. Има само Банга-ранга на 500 децибела шум, анти-култура и анти-цивилизация. Да пукнат дано тия бангиранги! Не се търпи!!!",Негативен,0.99,гняв
"Тоя е един самозванец, ум да ти зайде. Мисли се за нещо, а е нищо.",Негативен,0.98,презрение
"Горкият Филип Киркоров. От както любовникът му - ПутиПути го заряза, нещо е превъртял от мъка. Раздялата се отрази много лошо и на самия ПутиПути - той хвърли кочинската федерация в самоубийствена война с Украйна, която ще затрие кочинската федерация. До какви драматични събития може да доведе края на една бурна гeй връзка, като тази на ПутиПути и Киркоров!",Негативен,0.96,презрение
Да се съревноваваш за най-дребилската песен не е много престижно.,Негативен,0.92,презрение
"Е, остава пък Киркоров да я е написал... Срам и позор!",Негативен,0.95,възмущение
До: анонименЧе то и ние сме същите. Кажи в кой български град няма джамия или турци?,Неутрален,0.62,скептицизъм
Филип Киркоров едва ли ще тръгне да плюе фъстъци. Явно има нещо такова. В *** територията всичко е възможно.,Негативен,0.72,презрение
До: bobГлупчо!,Негативен,0.92,презрение
"Дара - Филип Киркоров. Това е несъпоставима линия. Тая няма право дори да му изрича името на глас - толкова е нищожна пред него. Той е певец, който го знаят и слушат поколения. Тая досега никой не я е слушал и още следващото лято никой повече няма да иска да слуша мангаманга или каквото и да от нея.",Негативен,0.98,презрение
"Успехът се дължи на Киркоров в.Той свиреше кавал на сцената ,един такъв голям и черен..",Негативен,0.58,подигравка
"Ми то и твой не е успеха.. друг ти написа песента, друг ти направи танца, друг ти направи ужасния грим.. ти само отиде да се кълчиш на сцената и големия успех..",Негативен,0.96,презрение
"Натовския генерал Чорапов да отпусне пенсия на самозванеца Киркоров за изключителни заслуги към задунайската губерния. Всеки руснак се чуства длъжен да унижава България, Киркоров само потвърждава това правило.",Негативен,0.95,гняв
Редно е БНТ да покаже откъде е парата поне 500 милиона $. Има съмнения че парата на БНТ е от фирми на Киркора от руски нефт. Неслучайно БНТ е фалирала и не може да излъчва мачовете от ШЛ и от нациската лига на волейбола.,Негативен,0.92,възмущение
"Пак ли тая с неумна физиономия и уста като... С д.билната песен и още по-т.п.и конвулсии. Голямо постижение, няма що. Няма песни на евровизия, а само виене и друсане на телесата, как да не спечели най-добрата в това. Отвр. Стига сте я натрапвали, стига сте я правили национална героиня.",Негативен,0.98,отвращение
"Кой нормален човек харесва Евровизия, Дара, Азис или Филип Киркоров?",Негативен,0.92,презрение
КИРКОРШ Е ПРАИЛ ТАЯ ДАРА У БУРКАН ОТ ЛУТЕНИЦА !,Негативен,0.68,насмешка
Най накрая нормално про руско правителство. Кеф,Позитивен,0.92,радост
Яд ли ви е че РАДЕВ МАЧКА А? Хихихихи още 20 години така ще е.,Негативен,0.82,злорадство
"Може би Филип Киркоров е нахален, мазен или служи на руските интереси. Факт е обаче, че говори български много добре. Има хора отишли по 5-10 години някъде в чужбина и когато се върнат говорят като Фабиан Нюрнбергер.",Негативен,0.72,ирония
Киркоров ще те купи и продаде и нашбе също,Негативен,0.86,заплаха
"Друг път не помагай, Киркоров! Обеца на ухото да ти е!",Негативен,0.86,раздразнение
Времето на ПП приключи. Ерата на Радев и братята руснаци сме сега.,Позитивен,0.68,удовлетворение
да не забравяме че не е чист руснак както се натяква в статията за хубаво за лошо не зная,Неутрален,0.74,несигурност
"Песента и организацията не са на Дара и нейната продуцентка това се знае със сигурност Дара е лицето на песента,но трябва да уважава тези , които са създали целия продукт",Негативен,0.72,разочарование
Дойде най накрая нашето време. Времето е наше. Русия и Радев напред!,Позитивен,0.92,ентусиазъм
"Долно племе сме ние българите, лицемерно и завистливо и за това сме на дереджето което сме си заслужили.",Негативен,0.98,гняв
"Тая с църнатаа физиономия, ако още веднъж ми се появи на екрана, ще го счупя с чук!",Негативен,0.98,гняв
Тая па за ква се взе? Мега неприятната песен,Негативен,0.98,раздразнение
"добре че навремето ритонката одеше да друса сиисии по концертите му та тоя паллячо стана известен, иначе никой немаше и да е чул за неги",Негативен,0.96,презрение
СТАНА ПО-ГАДЕН ВРАГ НА БЪЛГАРИЯ И ОТ ТУРЦИЯ И ОТ МОНГОЛИЯ.....!!!!,Негативен,0.96,гняв
"Няма да забравя и комплексаршините на Мария Бакалова и Господинов,Горкия му връчиха награда споделена с някаква жена за превод , а той сеи зтъпани и взе да говори за бг азбуката като първолаче в мисленето.А то наградата за превод на английски.Нивото е потресаващо ниско и това са някакви комплекси дето се избиват.",Негативен,0.96,презрение
"КИРКОРОВ Е КАТО ДА ВСИЧКИ ЖАЛКИ РУСОФИЛИ - ПРЕДАТЕЛИ НА БЪЛГАРИЯ, ПРОДАЛИ ДУШАТА СИ НА ДЯВОЛА ОТ АЗИЯ - ВЛАДИМИР ПУТИН......",Негативен,0.98,гняв
Какво можеш да очакваш?,Неутрален,0.95,любопитство
"Дара не спечели заради песента, а заради големите си бангаранги. Само някой с ориентацията на Киркоров не може да го повярва.",Негативен,0.88,презрение
Тоя да си гледа приятелчетата от Ритон.,Негативен,0.82,пренебрежение
Дара мара колко пачки е гепила от БНТ за Евровизия - 600 000 лева суха пара :)))))),Негативен,0.73,присмех
тоя не беше ли молдовец?,Неутрален,0.92,любопитство
Този не е пил хпчетата си!,Негативен,0.9,присмех
"Браво , Дара ! Натрий му носа на този самохвалко !",Позитивен,0.78,одобрение
"Както и предвидих лека полека започват комплексарщините и простотията да доминират след всеки някакъв бг успех.Так беше в спорта и след сащ 94.Така ще е и след евровизия.Просто нивото на печелившите е ниско и каквото и да им дадете те са си просто диваци, които искат да го вдигнат на главата си като в Африканска пустиня.",Негативен,0.96,презрение
"Щом България 3 години нямаше пари да участва в Евровизия, а Киркоров е довел инвеститор, а Катя и Здравко от Ритон са в основата на тези срещи, как да не е успех и на Киркоров? Ами да беше си намерила Дара /или който и да е от кандидатите/ спонсор! Без пари нищо не става.",Негативен,0.68,раздразнение
Рашките обичат много да крадат... От тоалетни чинии до песни и чужди постижения..,Негативен,0.95,презрение
"Какво да е менюто в Бургас навън? Цаца, бира, пържени картофи със сирене и накрая баща й е обърнал и една ракия",Позитивен,0.62,веселие
Ами какво беше менюто? Или не се съобщава заради Сигурността?И дали Иво христов е участвал в организацията както при Дара?,Негативен,0.62,сарказъм
"ееее, живи и здрави да сте, че ме подсетихте и за тая.",Позитивен,0.82,благодарност
е само тук или станата се е напълнола с оскотели колхозници?,Негативен,0.95,презрение
"Дара, Мара, да са живи и здрави.",Позитивен,0.92,доброжелателност
Има неколко розови серялчета ще я гледаме.,Позитивен,0.62,очакване
"Чет коментарите и си викам: ""Боже, кога ще затриеш окончателно това низко и мръсно племе???""",Негативен,0.98,гняв
"Холивуд не я споменава, тия тук и веят вятър с Холивуд, кой с кого, какво празнува си е негова работа.",Негативен,0.74,раздразнение
Да и намерят някой римлянин за мъж от Меден рудник :))))),Позитивен,0.72,забавление
"успешен човек в българия, който да не привлича хейта на родните лузъри",Негативен,0.86,презрение
Безработна в бг и принудена да слугува на американете.,Негативен,0.92,разочарование
"И сега банан да й обелим , и консерва да й отворим ...олигофренска работа",Негативен,0.92,раздразнение
"хахаха няма да забравя как Брат Пит я сравни с *** Мерилин Монро и тая му се хили щастлива, че я е забелязал.",Негативен,0.82,насмешка
"определението ""холивудски филм"" не е гаранция за качество...повечето холивудски продукции са второразрядни и даже треторазрядни...гледах филма за Тръмп, в който участваше Бакалова...третостепенно, посредствено актьорство...но за България даже това е много...",Негативен,0.93,разочарование
А ТИ СИ ОСЪЩЕСТВЕН РУСКИ АЗИАТСКИ БЪЛГАРОМРАЗЕЦ,Негативен,0.98,гняв
Тая е неусъществена треторазрядна статиска в най т.ъ.п.ия филм.,Негативен,0.98,презрение
"Място на тази новина е в социалните мрежи, а не тук.",Негативен,0.82,раздразнение
"Да е жива и здрава и всички покрай нея, но на тази ""новина"" мястото",Негативен,0.62,раздразнение
"А дали си е донесла кървавата дамска превръзка, за да се похвали с нея???",Негативен,0.92,отвращение
И едноокият е цар в група от слепци!,Негативен,0.72,ирония
Честит рожден ден,Позитивен,0.95,радост
"Разхубавила се е. Вероятно се е пипнала тук таме, Няма лошо да е жива и здрава.",Позитивен,0.78,доброжелателност
"Коя беше тая, о да, дето мрази Съединените Щати и подиграва америка и ценностите на толерантност и уважение. Ясно, една дума: българче",Негативен,0.92,презрение
Коя беше тая?,Неутрален,0.78,любопитство
"а с кой да празнува, тръмп се върна на бел кон и ролята и малко и подкъси краченцата. и чич харви го набутаха в пандиза та не може да си изкара за роля. да е мислила, га беши димукрат ни рива.",Негативен,0.86,злорадство
много на сериозно започна да се взима!,Негативен,0.78,раздразнение
"Браво на нашето момиче - скромно го дава, на бира с цаца и картофки със сирене.",Позитивен,0.92,възхищение
Тази простотия ВЕДНАГА трябва да се премахне,Негативен,0.95,гняв
"Дечицата ще смятат дефицитите на теменужката, превалутирането и колко яйца има в потребителската кошница на червената шапчица.",Негативен,0.62,ирония
"Нека децата опитат тия мързели в парламента и въобще в политиката дали са държали такива национални оценявания? Системата някога беше лека и възприемането на науките бе като по вода.Сега децата са измъчвани с някакви непродуктивни състезания,които ги възпитават в състезателност,а не в партньорство. Превръщат ги в роботи,защото тестовете не са логика и мисъл,а хазарт.",Негативен,0.95,гняв
Тая надушва пари повече отколкото акула кръв. А шофьрчето да иляди при червените каруци,Негативен,0.88,презрение
"искам си с месо т.е. месни не месТни, щото съм от друго место!",Позитивен,0.72,забавление
"Лъв ли, дръглива гарга.",Негативен,0.92,презрение
Умръзнало му е да целива само икони.....,Негативен,0.82,разочарование
До: Веселинъ7112136860Как живееш с толкова злоба.,Негативен,0.95,гняв
Тоя Лъв голям тигър се оказа.,Позитивен,0.72,възхищение
"Малко чупикуратка ми се струва, ама хайде да видим как ще я подкара.",Негативен,0.72,скептицизъм
"е създал мъжа, а след него и жената. Естествено е, че ВСИЧКИ там трябва да са женени, да правят деца и секс, за да не се изпедалчват и посягат на момченца и момиченца. Педофилианството там е стигнало до тотален връх, който може да доведе до разпадане на енориите и оттегляне на духовенството реално вярващо повече в Бога, отколкото в банковите сметки.",Негативен,0.96,гняв
"Ами хубаво ,дори му е приятно .Нека продължава. може да стигне до момента в който ще разреши и браковете ,че видяхме последствията от безбрачието .Много педофилия при свещениците ,демек не могат да стигнат до Бога,затова са нужни реформи ,а не продължение на деформациите.",Негативен,0.86,възмущение
Тоя папа нещо не ме кефи.,Негативен,0.92,неодобрение
До: Леопард XXVI то да не е путин или гудняев та да е по момченца,Негативен,0.86,презрение
"Чак пък красива ,?Нормална жена главното е да си разбира от работата ...Ако е за красота то и Майка Тереза има фотография където е на около 20 и никак не изглежда зле ..",Неутрален,0.74,скептицизъм
"Изумително е,че Римски папа се занимава с жена. Него ли чакат малки момченца да им пренавие резбите?Тук в България,разни Лами отпушват фонтанелата на млади момичета и после им завещават къщи(ако оцелеят),пък после майките на момчетата куккудякът облечени в жълто.Как се промени света...Римски папа да се занимава с жена от женски пол....Боже,боже",Негативен,0.92,възмущение
"Какъв уелнес *** мисирко проста? Какво е това, знаеш ли?",Негативен,0.98,гняв
Не я оставяйте на слънце през лятото.,Неутрален,0.86,предпазливост
Първо а и единствено е Да имате коса примерно на Радев каквото и да му боядисваш се си остава голо кубе,Негативен,0.86,подигравка
Важи.Утре без прашки.,Неутрален,0.86,спокойствие
Дърта хрътка,Негативен,0.86,презрение
Майка и е по красива от нея -- познавам я лично,Негативен,0.78,пренебрежение
"Не ме интересува тая, не съм прочела статията, не съм й гледала снимките, пиша единствено и само да не ни занимавате. Пълен абсурд.",Негативен,0.96,раздразнение
"Толкова е бездарна като актриса, но явно се бута непрекъснато и в някакъв тесен кръг я фаворизират. И затвърждава клишето, че хубавите мъже ги грабват някакви дребни, мъжествени, грозни, но амбициозни жени. Вси пак имат дете, да са здрави и щастливи по своя си начин!",Негативен,0.92,презрение
Кои са па тия.,Негативен,0.72,раздразнение
"Горката Весела, скоро ще стане тъжна с този гей Зомбори...също като Нети и геят Дони...тъжна история за тези 100% ви жени.",Негативен,0.95,презрение
